barrio_codigo,barrio,zona_codigo,zona
01 01,Poal,01 01 0100,Poal General
01 01,Poal,01 01 0101,"Parterres c/ Comte Güell, 8"
01 01,Poal,01 01 0102,c/ Joan Maragall-Av. Poal (Triángulo de Maragall)
01 01,Poal,01 01 0103,Solar Poal-Ausias March (transformador)
01 01,Poal,01 01 0104,"AAVV Poal Av. Poal, 28"
01 01,Poal,01 01 0105,Parc de la Bòvila (Basquet y Petancas)
01 01,Poal,01 01 0106,Parterre de c/Carles Ribes
01 01,Poal,01 01 0107,Parc c/ Pérez Galdós 2
01 01,Poal,01 01 0108,Parterre c/ Antoni Gaudí - c/ Comte Güell
01 01,Poal,01 01 0109,c/ Cova Fumada
01 01,Poal,01 01 0110,Pont Poal (cova fumada)
01 01,Poal,01 01 0111,"Parc c/ Gómez de la Serna (Gaudí, 21)"
01 01,Poal,01 01 0112,Parc c/ Maragall 5
01 01,Poal,01 01 0113,Solar Jacinto Benavente-Cova Fumada
01 01,Poal,01 01 0114,Parterre c/ Escolana-Av. Constitució
01 01,Poal,01 01 0115,"Parterre Av. Poal, 73"
01 01,Poal,01 01 0116,Av. Constitució
01 01,Poal,01 01 0117,Pl. Brasilia
01 01,Poal,01 01 0118,Parterre c/ Joan Maragall-c/ Bécquer
01 01,Poal,01 01 0119,Parterre Av. Poal - c/ Bécquer
01 01,Poal,01 01 0120,Solar c/ Alcover - c/ Azorín
01 01,Poal,01 01 0121,Solar Bèquer 31
01 01,Poal,01 01 0122,Rotonda Av. Poal - Pg. Maragall
01 01,Poal,01 01 0123,Ramal Garrofers
01 01,Poal,01 01 0124,"Parterre Av. Poal, 46"
01 01,Poal,01 01 0125,c/ Joaquim Ruyra
01 01,Poal,01 01 0126,c/ Jacinto Verdaguer esc. c/ Ausias March
01 01,Poal,01 01 0127,"Av. Constitució, 460"
01 01,Poal,01 01 0128,Av. del Poal
01 01,Poal,01 01 0129,"Parterre Cova Fumada, 3"
01 01,Poal,01 01 0130,Corre-can Maragall
01 01,Poal,01 01 0131,Solar c/ Ausias Marc 13
01 01,Poal,01 01 0132,Solar c/ Antonio Gaudí 13B
01 01,Poal,01 01 0133,Pl. Pio Baroja
01 01,Poal,01 01 0134,Horts del Poal
01 01,Poal,01 01 0135,Solar J. Ramón Jimenez 29
01 01,Poal,01 01 0137,Angel Guimerà nº 15 - Pg Muntanya nº 52
01 01,Poal,01 01 0138,Ptge. Perez Galdós
01 01,Poal,01 01 0139,Joan Maragall 34 (Ptge 4)
01 01,Poal,01 01 0140,Gómez de la Serna 5-11 (1-11)
01 01,Poal,01 01 0141,Compte Güell 15-17 (Ptge 6)
01 01,Poal,01 01 0142,"Compte Güell, 1-3"
01 01,Poal,01 01 0143,Becquer 30 (Ptge 1)
01 01,Poal,01 01 0144,Jacint Verdaguer 15-17 / J.R. Jiménez 37-39
01 01,Poal,01 01 0145,Passatge Miguel Delibes
01 01,Poal,01 01 0146,Gómez de la Serna 11-13 / J. Ramón Jiménez 11-13
01 01,Poal,01 01 0147,Ptge María Zambrano (Gómez de la Serna 4-6)
01 01,Poal,01 01 0148,Compte Güell 18 / Av Poal 66-68 (Ptge 5)
01 01,Poal,01 01 0149,Becquer 28 (Ptge 2)
01 01,Poal,01 01 0150,A. Gaudí 3-5 / Ausias Marc 2-4
01 01,Poal,01 01 0151,Gómez de la Serna 19 / J. Ramón Jiménez 17-21
01 01,Poal,01 01 0152,Juan Ramón Jiménez 26-28
01 01,Poal,01 01 0153,Passeig Can Solé 10
01 01,Poal,01 01 0154,Franjas - Poal
01 01,Poal,01 01 0155,Solars Forestals - Poal
01 01,Poal,01 01 0156,Passatge Gómez de la Serna 8-10
01 02,Bellamar,01 02 0200,Bellamar General
01 02,Bellamar,01 02 0201,Av. Bellamar - Pg. De la Vall (Roda)
01 02,Bellamar,01 02 0202,Pl. Romani (Av. Bellamar)
01 02,Bellamar,01 02 0203,Av. Bellamar - Pg. De la Vall (Adelfas)
01 02,Bellamar,01 02 0204,Av. Bellamar - c/ Olivera (Palmeras)
01 02,Bellamar,01 02 0205,Av. Bellamar - Pg. Can Vinyas (Escaleras)
01 02,Bellamar,01 02 0206,Parc Santa Eulalia (Eucaliptus)
01 02,Bellamar,01 02 0207,Entrada Antoni Gaudi c/Til·lers
01 02,Bellamar,01 02 0208,Pg. Tarongers
01 02,Bellamar,01 02 0209,Rotonda Bellavista
01 02,Bellamar,01 02 0210,c/ Sant Salvador
01 02,Bellamar,01 02 0211,Pg. Can Vinyes - Pg. Parc Forestal
01 02,Bellamar,01 02 0212,Pl. del Pi
01 02,Bellamar,01 02 0213,Pl. Torremoruna
01 02,Bellamar,01 02 0214,Pg. Del Mirador
01 02,Bellamar,01 02 0216,Pont Eucaliptus
01 02,Bellamar,01 02 0217,Av. Bellamar - Av. Constitució (Parada Bus)
01 02,Bellamar,01 02 0218,Pl. del Cirn
01 02,Bellamar,01 02 0219,Escola Gaudí
01 02,Bellamar,01 02 0220,Ptge. Angel Guimerà - Muntanya
01 02,Bellamar,01 02 0221,Parc Pg. dels Pins (Botas)
01 02,Bellamar,01 02 0222,"AAVV Bellamar Av. Pinar, 24"
01 02,Bellamar,01 02 0223,"Parterre Bellavista, 136"
01 02,Bellamar,01 02 0224,"Parterre c/ Panoràmic, 7-11"
01 02,Bellamar,01 02 0225,"Av. Bellamar, 48-50"
01 02,Bellamar,01 02 0226,Esquina c/ A. Guimera - Pg. Muntanya
01 02,Bellamar,01 02 0228,"Solar Av. del Pinar, 24 entre AAVV Bellamar i Escola Gaudi"
01 02,Bellamar,01 02 0229,"Pg. Broilador, 26"
01 02,Bellamar,01 02 0230,c/ de la Raconada - Av. Del Hotel
01 02,Bellamar,01 02 0231,Pg. dels Pins - Pg. Broilador
01 02,Bellamar,01 02 0232,Pg. Dels Tillers
01 02,Bellamar,01 02 0233,Pg. Bellavista
01 02,Bellamar,01 02 0234,"Solar Can Vinyes, 23 EVO257"
01 02,Bellamar,01 02 0235,Av. Bellamar
01 02,Bellamar,01 02 0236,Passatge P. Collet / P. Muntanya
01 02,Bellamar,01 02 0237,"Ptge. P. de la Vall, 29-31"
01 02,Bellamar,01 02 0238,"Ptge. P. de la Vall, 11-13"
01 02,Bellamar,01 02 0239,Ptge. Pg Muntanya 22 - Ramal Garrofers
01 02,Bellamar,01 02 0240,Ptge. Pg Muntanya 22 - Pl Brasilia
01 02,Bellamar,01 02 0241,Ptge. Pg Muntanya 36-34
01 02,Bellamar,01 02 0242,Ptge. P. Can Vinyes / P. de la Creu
01 02,Bellamar,01 02 0243,"Ptge. Avda. Bellamar, 40-42"
01 02,Bellamar,01 02 0244,"Ptge. Pg de la Creu, 39-41 / Pg Bellavista, 135-137"
01 02,Bellamar,01 02 0245,"Ptge. Pg Bellavista, 151-153 a Pl de la Creu"
01 02,Bellamar,01 02 0246,"Ptge. Pg Bellavista, 147-149 (Granada de l'Ènric)"
01 02,Bellamar,01 02 0247,"Ptge. Av Bellamar, 64-66 (Pg Bellavista, 164-166)"
01 02,Bellamar,01 02 0248,"Ptge. Av Bellamar, 74"
01 02,Bellamar,01 02 0249,"Ptge. Pg Can Solé, 24"
01 02,Bellamar,01 02 0250,Ptge. Pg Sant Salvador
01 02,Bellamar,01 02 0251,"Ptge. Pg del Parc Forestal, 10-12"
01 02,Bellamar,01 02 0252,Ptge. del Pi
01 02,Bellamar,01 02 0253,Ptge. Torremoruna
01 02,Bellamar,01 02 0254,"Ptge. Pg de la Muntanya 7-9 / Pg de l'Olivera, 1-3"
01 02,Bellamar,01 02 0255,"Ptge. Valle Inclán, 9-11"
01 02,Bellamar,01 02 0256,"Ptge. Miramar, 65-67 (cap a 328)"
01 02,Bellamar,01 02 0257,"Ptge. Pg Miramar, 56 - Pg Bosc"
01 02,Bellamar,01 02 0258,"Ptge. Pg del Munt, 10 - Av 343, 13"
01 02,Bellamar,01 02 0259,"Ptge. Pg Can Vinyes, 28 - Pg Ronda, 13"
01 02,Bellamar,01 02 0260,"Ptge. Pg de la Creu, 24-22B"
01 02,Bellamar,01 02 0261,Franjas - Bellamar
01 02,Bellamar,01 02 0262,Solars Forestals - Bellamar
01 03,Montemar,01 03 0300,Montemar General
01 03,Montemar,01 03 0301,Parc Circunval·lació - Pg. Del Bosc
01 03,Montemar,01 03 0302,"Pl. Bosc, 3"
01 03,Montemar,01 03 0303,Pl. Mas Jové
01 03,Montemar,01 03 0304,Ramal de la Rivera
01 03,Montemar,01 03 0305,Av. 303
01 03,Montemar,01 03 0306,Parterre Av. Diagonal - Av. 301
01 03,Montemar,01 03 0307,Pl. Sant Jaume
01 03,Montemar,01 03 0308,Pl. del Mont
01 03,Montemar,01 03 0309,Solars Av. 309 - Av. 319
01 03,Montemar,01 03 0310,Av. 320 tanca pitsopor con Av. 323
01 03,Montemar,01 03 0311,Parquing Av. Malaga / Constitució
01 03,Montemar,01 03 0312,Jardins c/ de la Font
01 03,Montemar,01 03 0313,Av. 303 - Av Diagonal
01 03,Montemar,01 03 0314,c/ de la Font
01 03,Montemar,01 03 0315,Av. Diagonal - Av. 319 palmito
01 03,Montemar,01 03 0316,Parterre Pg. Circunval·lació - Av. 330
01 03,Montemar,01 03 0317,c/ Dolores Ibarruri
01 03,Montemar,01 03 0318,Parterre Av. 320 - Av. 318 (ET)
01 03,Montemar,01 03 0319,Rotonda Can Aimerich
01 03,Montemar,01 03 0320,Solar c/ Aizina - c/ Avellaner
01 03,Montemar,01 03 0321,Mur Av. Constitució - Av. 305
01 03,Montemar,01 03 0322,Escola Guinovart
01 03,Montemar,01 03 0323,Llar d'infants Ca n'Aimeric
01 03,Montemar,01 03 0324,Av. Constitució de 286 fins 294
01 03,Montemar,01 03 0325,Av. 301
01 03,Montemar,01 03 0326,Av. 305
01 03,Montemar,01 03 0327,Av. 350
01 03,Montemar,01 03 0328,Av. 341
01 03,Montemar,01 03 0329,Av. 300
01 03,Montemar,01 03 0330,Solar Av. Constitució - Av. 302
01 03,Montemar,01 03 0331,"Parterre Av. 309, 57"
01 03,Montemar,01 03 0332,Av. 302
01 03,Montemar,01 03 0335,Perímetre Llar d'Infants Ca n'Aimeric
01 03,Montemar,01 03 0337,Entrada Llar d'Infant Ca n'Aimeric
01 03,Montemar,01 03 0338,Camí Fondo Ca n'Aimeric
01 03,Montemar,01 03 0339,Av. Diagonal
01 03,Montemar,01 03 0340,Av. 309
01 03,Montemar,01 03 0341,Av. 307
01 03,Montemar,01 03 0342,Av. 324
01 03,Montemar,01 03 0343,Av. 319
01 03,Montemar,01 03 0344,Av. 320
01 03,Montemar,01 03 0345,Av. 312
01 03,Montemar,01 03 0346,Av. 306
01 03,Montemar,01 03 0347,Parc Marta Mata
01 03,Montemar,01 03 0348,Parterre escales c/ Dolores Ibarruri
01 03,Montemar,01 03 0349,Escola de dansa
01 03,Montemar,01 03 0350,Av. 308
01 03,Montemar,01 03 0351,Solar perimetral Escola Guinovart i Institut Valèria Haliné
01 03,Montemar,01 03 0353,Av. 311
01 03,Montemar,01 03 0354,"Parterres c/ de la Font, 52"
01 03,Montemar,01 03 0355,Basa Laminació c/ Font
01 03,Montemar,01 03 0356,Ptge. Pg Miramar 12-14 a Pg Bosc
01 03,Montemar,01 03 0357,Ptge. Avda. 321
01 03,Montemar,01 03 0358,Ptge. Avda. 322
01 03,Montemar,01 03 0359,Ptge. Avda. 326 (Diagonal a Avda. 323)
01 03,Montemar,01 03 0360,Ptge. Avda. 326 (entre Avda. 323 i 325)
01 03,Montemar,01 03 0361,Ptge. entre Pg bosc i P. Miramar (Pg Miramar 2-4)
01 03,Montemar,01 03 0362,Ptge. Avda. 350 / Avda. 324
01 03,Montemar,01 03 0363,Ptge. Av. 301 / 302 / Circunvalació
01 03,Montemar,01 03 0364,Ptge. Pg. Petunia / Av. 336
01 03,Montemar,01 03 0365,"Ptge. Pg. Bellavista, 90-92 - Av. 339, 24-26"
01 03,Montemar,01 03 0366,"Ptge. Av. 343, 14 - Av. 337, 27"
01 03,Montemar,01 03 0367,"Ptge. Av. 343, 10 - Av. 337, 23-25"
01 03,Montemar,01 03 0368,Ptge. Pg. Miramar - Pg. Bellavista (Pg Bellavista 40-42)
01 03,Montemar,01 03 0369,Franjas - Montemar
01 03,Montemar,01 03 0370,Solars Forestals - Montemar
01 04,Can Roca,01 04 0400,Can Roca General
01 04,Can Roca,01 04 0401,Pl. Can Roca
01 04,Can Roca,01 04 0402,Picnic Can Roca
01 04,Can Roca,01 04 0403,Parc de la Granota
01 04,Can Roca,01 04 0404,Vivero
01 04,Can Roca,01 04 0405,Cal Ganxo
01 04,Can Roca,01 04 0406,Jardí Masia
01 04,Can Roca,01 04 0407,c/ Heura
01 04,Can Roca,01 04 0408,c/ Montseny
01 04,Can Roca,01 04 0409,c/ Julivert
01 04,Can Roca,01 04 0410,Parterre Ptge. Boix
01 04,Can Roca,01 04 0412,La Guaita
01 04,Can Roca,01 04 0413,Entrada Inferior Polideportivo Can Roca
01 04,Can Roca,01 04 0414,Entrada Superior Polideportivo Can Roca
01 04,Can Roca,01 04 0415,Ptge. Cal Ganxo
01 04,Can Roca,01 04 0416,c/ de Can Roca
01 04,Can Roca,01 04 0417,Escola Can Roca
01 04,Can Roca,01 04 0418,Escola Torre Barona
01 04,Can Roca,01 04 0420,Parterres c/ Saltze
01 04,Can Roca,01 04 0421,Parterres-Ptge. Espigol
01 04,Can Roca,01 04 0422,c/ Faig
01 04,Can Roca,01 04 0423,"Petancas Can Roca c/ Can Roca, 2"
01 04,Can Roca,01 04 0424,Solar Luis Companys
01 04,Can Roca,01 04 0425,c/ Castanyer
01 04,Can Roca,01 04 0426,Parterre c/ Dr. Fleming - c/ Castanyer
01 04,Can Roca,01 04 0427,"c/ Dr. Trueta, 66 (Talud)"
01 04,Can Roca,01 04 0430,Ctra. La Sentiu
01 04,Can Roca,01 04 0431,Jardí SAC-JARFELS
01 04,Can Roca,01 04 0432,Rotonda Ctra. de la Sentiu - Lola Anglada
01 04,Can Roca,01 04 0433,Pàrking c/ Doctor Trueta
01 04,Can Roca,01 04 0434,Mirador Cal Ganxo
01 04,Can Roca,01 04 0435,Rotonda Ctra. Sentiu - c/ Can Roca
01 04,Can Roca,01 04 0437,Deixalleria
01 04,Can Roca,01 04 0438,Cubierta Vegetal de oficinas SAC-JARFELS
01 04,Can Roca,01 04 0439,Jardineras oficina SAC-JARFELS
01 04,Can Roca,01 04 0440,"Ptge. C/ Xiprers, 9-11"
01 04,Can Roca,01 04 0441,Llar d'Infants Muntanyeta
01 04,Can Roca,01 04 0442,Solars darrera Llar Infants Muntanyeta
01 04,Can Roca,01 04 0443,Franjas - Can Roca
01 04,Can Roca,01 04 0444,Solars Forestals - Can Roca
01 05,Vista Alegre,01 05 0500,Vista Alegre General
01 05,Vista Alegre,01 05 0501,Pl. Córdoba
01 05,Vista Alegre,01 05 0502,Pl. Giralda
01 05,Vista Alegre,01 05 0503,Pl. Agustina de Aragón - Dr. Marañón (Boquerón)
01 05,Vista Alegre,01 05 0504,Pl. Antonio Machado
01 05,Vista Alegre,01 05 0505,Pl. Andalucía
01 05,Vista Alegre,01 05 0506,Aparcament c/ Ramon y Cajal
01 05,Vista Alegre,01 05 0508,c/ Huelva
01 05,Vista Alegre,01 05 0509,Pl. de l'Alba
01 05,Vista Alegre,01 05 0510,Jardins c/ Can Vinader
01 05,Vista Alegre,01 05 0512,Pl. Democracia
01 05,Vista Alegre,01 05 0513,c/ Rafael Casanovas
01 05,Vista Alegre,01 05 0514,Petanca Can Vinader (Pl. Burro)
01 05,Vista Alegre,01 05 0515,Llar d'Infants Can Vinader
01 05,Vista Alegre,01 05 0516,Centre Cívic Vista Alegre
01 05,Vista Alegre,01 05 0522,c/ Agustina de Aragón
01 05,Vista Alegre,01 05 0523,c/ Giralda
01 05,Vista Alegre,01 05 0524,Pl. c/ Masió - Ramón Cajal
01 05,Vista Alegre,01 05 0525,AA.VV. Vista Alegre c/ Cervantes
01 05,Vista Alegre,01 05 0526,"c/ Giralda, 26-28 (Espai Can Mersó)"
01 05,Vista Alegre,01 05 0527,Solar Cibeles - Lola Anglada
01 05,Vista Alegre,01 05 0528,Jardineras c/ Garcia Lorca
01 05,Vista Alegre,01 05 0529,c/ Magallanes
01 05,Vista Alegre,01 05 0530,Parc Can Vinader - Dr Marañón
01 05,Vista Alegre,01 05 0531,Escola Bressol Pesigolles
01 05,Vista Alegre,01 05 0532,"c/ Giralda, 6 (planta3) Espai Can Mersó"
01 05,Vista Alegre,01 05 0533,Jardins de c/ Cervantes - c/ Pep Ventura
01 05,Vista Alegre,01 05 0534,Riera Pozo Quirantes
01 05,Vista Alegre,01 05 0535,c/ Andalucía
01 05,Vista Alegre,01 05 0536,Franjas - Vista Alegre
01 06,Centre,01 06 0600,Centre General
01 06,Centre,01 06 0601,Ajuntament
01 06,Centre,01 06 0602,Pl. de la Església
01 06,Centre,01 06 0603,Av. Santa Maria
01 06,Centre,01 06 0604,Pl. Caputxeta
01 06,Centre,01 06 0605,Pl. Estació
01 06,Centre,01 06 0606,Pl. Pau Casals
01 06,Centre,01 06 0607,Jardí Einstein-Major - Balaguer (Bombers)
01 06,Centre,01 06 0608,Pl. Catalunya
01 06,Centre,01 06 0609,Parterre c/ Dr. Fleming/Av. Diagonal
01 06,Centre,01 06 0610,c/ Bisbe Urquinaona
01 06,Centre,01 06 0611,Casa de la Cultura
01 06,Centre,01 06 0613,Ptge. Caterina Albert (Correos)
01 06,Centre,01 06 0614,Parking Arcadi Balaguer
01 06,Centre,01 06 0615,c/ Dr. Ferran
01 06,Centre,01 06 0617,Av. 1er de Maig
01 06,Centre,01 06 0618,Parterre Av. Constitució 108 (Caprabo)
01 06,Centre,01 06 0620,c/ Església
01 06,Centre,01 06 0621,c/ Arcadi Balaguer
01 06,Centre,01 06 0624,"Edifici PTT (c/ església, 1)"
01 06,Centre,01 06 0625,Edifici de la República
01 06,Centre,01 06 0626,Pl. Major
01 06,Centre,01 06 0627,c/ Major
01 06,Centre,01 06 0628,Parc del Castell
01 06,Centre,01 06 0637,c/ Santiago Rusiñol (Parking Església)
01 06,Centre,01 06 0638,Av. 300
01 06,Centre,01 06 0639,c/ Dr. Trueta
01 06,Centre,01 06 0640,Ciutat Jardí (C/ Industria - Pau Casals)
01 06,Centre,01 06 0641,Pl. Esperanto
01 06,Centre,01 06 0644,Oficina Turismo Centre
01 06,Centre,01 06 0645,Solar parking c/ Industria
01 06,Centre,01 06 0648,Rotonda Pau Casals
01 06,Centre,01 06 0649,Rotonda Dr. Ferran
01 06,Centre,01 06 0650,Ptge. Fleming
01 06,Centre,01 06 0651,Rotonda Santiago Rusiñol
01 06,Centre,01 06 0652,Parterres Av. Diagonal - Av. 300 (G. Civil)
01 06,Centre,01 06 0653,Patis Policia Local
01 06,Centre,01 06 0654,Biblioteca Ramon Fernàndez Jurado
01 06,Centre,01 06 0655,Patis Capella Castell
01 06,Centre,01 06 0656,c/ Isaac Peral
01 06,Centre,01 06 0657,Palmera Av. Constitución frente c/ Dr. Fleming
01 06,Centre,01 06 0658,c/ Industria
01 06,Centre,01 06 0659,Eix Verd
01 06,Centre,01 06 0660,c/ Albert Einstein
01 06,Centre,01 06 0661,Radera Pl. Estació
01 06,Centre,01 06 0662,Jardins c/ Bisbe Urquinaona - c/ Isaac Peral
01 06,Centre,01 06 0663,Rotonda Dr. Ferràn - Av. Diagonal
01 06,Centre,01 06 0664,c/ Dr. Ferrán
01 06,Centre,01 06 0665,Ptge. de les Caramelles
01 06,Centre,01 06 0666,c/ Arcadi Balaguer
01 06,Centre,01 06 0667,Pl. Neus Català
01 06,Centre,01 06 0668,"Av. 1er de Maig, 18-20"
01 06,Centre,01 06 0669,Espai Jove
01 06,Centre,01 06 0670,Av. Constitució (Pl. Colón - Av. 301)
01 06,Centre,01 06 0671,Can Roca de Baix
01 06,Centre,01 06 0672,Solars no codificats - Centre
01 07,El Castell,01 07 0700,El Castell General
01 07,El Castell,01 07 0701,c/ Major
01 07,El Castell,01 07 0702,Av. Manuel Girona
01 07,El Castell,01 07 0703,Pl. Joan XXIII
01 07,El Castell,01 07 0704,c/ General Palafox
01 07,El Castell,01 07 0705,Parking Manuel Girona
01 07,El Castell,01 07 0706,Pl. Colom
01 07,El Castell,01 07 0707,Av. Constitució (Seat) A Balaguer
01 07,El Castell,01 07 0710,c/ General Castaños
01 07,El Castell,01 07 0713,Pl. de la Música
01 07,El Castell,01 07 0716,Centre Cívic F. Mompou
01 07,El Castell,01 07 0717,Parterres c/ Dr. Marañon
01 07,El Castell,01 07 0718,c/ Església
01 07,El Castell,01 07 0719,Bosc (Castell)
01 07,El Castell,01 07 0732,c/ Mollet
01 07,El Castell,01 07 0737,Pl. del Castell
01 07,El Castell,01 07 0738,Escola Jacint Verdaguer
01 07,El Castell,01 07 0740,Rotonda Otero Pedrayo - Av. Constitució
01 07,El Castell,01 07 0741,Rotonda Església - c/ Narcís Monturiol
01 07,El Castell,01 07 0745,Solar Lola Anglada (Bosc Margalló)
01 07,El Castell,01 07 0747,Av. Constitució (costat mar)
01 07,El Castell,01 07 0748,Rotonda c/ Gral. Palafox - c/ Narcis Monturiol
01 07,El Castell,01 07 0749,Av. Constitució (costat muntanya)
01 07,El Castell,01 07 0750,Castell (dins murs)
01 07,El Castell,01 07 0751,"Centre Cívic Canyars (c/ Església, 117)"
01 07,El Castell,01 07 0752,c/ Guillermo Marconi
01 07,El Castell,01 07 0755,c/ Antonio Machado
01 07,El Castell,01 07 0756,c/ Juan De La Cierva
01 07,El Castell,01 07 0757,Escola adults
01 07,El Castell,01 07 0762,Interior Centre Cívic Frederic Mompou
01 07,El Castell,01 07 0764,Aparcament Manuel Girona - c/ Can Roca
01 07,El Castell,01 07 0765,Solars no codificats - Castell
01 07,El Castell,01 07 0766,Pl. Av. Manel Girona - c/ General Palafox
01 07,El Castell,01 07 0767,Pl. Av. Manel Girona - Av. Constitució
01 07,El Castell,01 07 0768,C/ Narcís Monturiol
01 08,Baixador,01 08 0800,Baixador General
01 08,Baixador,01 08 0801,"Pl. Màlaga- Pg. Marítim, 292"
01 08,Baixador,01 08 0802,Pg. Ferrocarril (solars RENFE)
01 08,Baixador,01 08 0803,Pl. Baixador
01 08,Baixador,01 08 0804,Solar c/ Mèxic
01 08,Baixador,01 08 0805,Pg. Marítim (Av Rep Argentina - Ptge. Peñeta Roja)
01 08,Baixador,01 08 0806,Av. de la Platja
01 08,Baixador,01 08 0807,Solar c/ Remers
01 08,Baixador,01 08 0808,Av. de la platja - Av. Castelldefels
01 08,Baixador,01 08 0809,Pl. de las Barcas (Navegantes - Marina)
01 08,Baixador,01 08 0810,Pont Eucaliptus
01 08,Baixador,01 08 0811,Pont Poal (Ptge. Peñeta Roja)
01 08,Baixador,01 08 0813,Rotonda c/ Xile
01 08,Baixador,01 08 0814,Rotonda c/ Àvet
01 08,Baixador,01 08 0815,Ptge. Timó
01 08,Baixador,01 08 0816,Parterre c/ Ribera Sant Pere
01 08,Baixador,01 08 0817,c/ 510 (Masteler)
01 08,Baixador,01 08 0818,Rotonda Pg. Marítim - Rep. Argentina
01 08,Baixador,01 08 0820,Solars Av. Castelldefels del 201 fins 217
01 08,Baixador,01 08 0821,c/ Estrella de Mar
01 08,Baixador,01 08 0822,c/ 512
01 08,Baixador,01 08 0823,c/ De les Barques
01 08,Baixador,01 08 0824,c/ 514 + jardinera OAC
01 08,Baixador,01 08 0825,c/ Navegantes
01 08,Baixador,01 08 0826,c/ Ones
01 08,Baixador,01 08 0827,c/ 517
01 08,Baixador,01 08 0828,c/ Romaní
01 08,Baixador,01 08 0829,c/ Avet
01 08,Baixador,01 08 0830,c/ República Argentina
01 08,Baixador,01 08 0831,c/ del Remers
01 08,Baixador,01 08 0832,Pg. Garbí (c/ Navegants - Av. Platja)
01 08,Baixador,01 08 0833,Pg. Del Timó
01 08,Baixador,01 08 0834,Sortida Pluvial Platja - Poal
01 08,Baixador,01 08 0835,"Solar Pg. Del Ferrocarril, 7"
01 08,Baixador,01 08 0836,"Solar c/ Mèxic, 8"
01 08,Baixador,01 08 0837,Pg. Marina (Pg. Timó - Av.Platja)
01 08,Baixador,01 08 0839,Aparcament Pg.Marítim - República Argentina
01 08,Baixador,01 08 0840,c/ Mèxic
01 08,Baixador,01 08 0841,Corre-can Pg. Ferrocarril
01 08,Baixador,01 08 0842,"Solar c/ Barques, 28"
01 08,Baixador,01 08 0843,Pg. Marítim (Av. Platja - República Argentina)
01 08,Baixador,01 08 0844,Sortida pluvials (c/ Estrella de Mar)
01 08,Baixador,01 08 0845,Sortida pluvials (c/ L'Uruguai)
01 08,Baixador,01 08 0846,"Solar c/ Mèxic, 28-34"
01 08,Baixador,01 08 0847,"Parterre Pg. Ferrocarril, 108"
01 08,Baixador,01 08 0848,Solars no codificats - Baixador
01 08,Baixador,01 08 0849,c/ Dofi
01 09,Les Botigues,01 09 0900,Les Botigues General
01 09,Les Botigues,01 09 0901,Solar Estrella de Mar
01 09,Les Botigues,01 09 0902,Rotonda Pg. Pitort - Av. Platja (Pont Pitort)
01 09,Les Botigues,01 09 0903,Pl. Salvat Papasseit
01 09,Les Botigues,01 09 0908,Parc c/ Arenys (Bàsquet)
01 09,Les Botigues,01 09 0909,Parterres c/ Arenys (Pitort - Pescadors)
01 09,Les Botigues,01 09 0910,Pg. Pitort (Ramal Ferrocarril - c/ Arenys)
01 09,Les Botigues,01 09 0911,Parc dels Tallinaires
01 09,Les Botigues,01 09 0913,Pont Av. Malaga / c/ Molinot (Bancs)
01 09,Les Botigues,01 09 0914,Rotonda Arenys - Santacana
01 09,Les Botigues,01 09 0915,"Solar Pitort, 4"
01 09,Les Botigues,01 09 0916,Corre-can c/ Ciutat de Málaga
01 09,Les Botigues,01 09 0916,"Solar Pitort, 14"
01 10,Marisol,01 10 1000,Marisol General
01 10,Marisol,01 10 1003,Rbla. Marisol
01 10,Marisol,01 10 1004,c/ Girona
01 10,Marisol,01 10 1008,Av. de la Pineda
01 10,Marisol,01 10 1010,Pl. Barcelona
01 10,Marisol,01 10 1015,Parc de la Corredora
01 10,Marisol,01 10 1016,c/ Sevilla
01 10,Marisol,01 10 1017,c/ Coruña
01 10,Marisol,01 10 1018,Solars no codificats - Botigues
01 11,Camí Ral (Can Rabadà),01 11 1100,Camí Ral General
01 11,Camí Ral (Can Rabadà),01 11 1102,Pl. Barona
01 11,Camí Ral (Can Rabadà),01 11 1103,Ronda Can Rabadà
01 11,Camí Ral (Can Rabadà),01 11 1104,Pl. Copérnico
01 11,Camí Ral (Can Rabadà),01 11 1105,Pàrking Copérnico
01 11,Camí Ral (Can Rabadà),01 11 1107,Av. del Canal Olímpic (Poble - Autopista)
01 11,Camí Ral (Can Rabadà),01 11 1108,c/ de la Riereta
01 11,Camí Ral (Can Rabadà),01 11 1109,Pg. Del Ferrocarril
01 11,Camí Ral (Can Rabadà),01 11 1110,c/ Raurell
01 11,Camí Ral (Can Rabadà),01 11 1111,c/ Miquel Servet
01 11,Camí Ral (Can Rabadà),01 11 1112,c/ Camí antic Ral de València
01 11,Camí Ral (Can Rabadà),01 11 1113,c/ Copernic
01 11,Camí Ral (Can Rabadà),01 11 1114,c/ Molinot
01 11,Camí Ral (Can Rabadà),01 11 1115,C-32 (Lateral autopista)
01 11,Camí Ral (Can Rabadà),01 11 1116,c/ Galileo
01 11,Camí Ral (Can Rabadà),01 11 1117,Parc Pista Skate
01 11,Camí Ral (Can Rabadà),01 11 1118,Pàrking Riereta-Molinot (Dipòsit Policia)
01 11,Camí Ral (Can Rabadà),01 11 1119,Corre-can c/ Copernico
01 11,Camí Ral (Can Rabadà),01 11 1120,Parterre Can Rabadà-Raurell
01 11,Camí Ral (Can Rabadà),01 11 1121,Exteriors Edifici Logic
01 11,Camí Ral (Can Rabadà),01 11 1122,Solars no codificats - Camí Ral
01 12,Lluminetes,01 12 1200,Lluminetes General
01 12,Lluminetes,01 12 1201,Pl. del Mar
01 12,Lluminetes,01 12 1202,c/ Ribera S. Pere
01 12,Lluminetes,01 12 1203,Pl. de l'Ancla
01 12,Lluminetes,01 12 1204,Av. de la Platja
01 12,Lluminetes,01 12 1205,c/ 7
01 12,Lluminetes,01 12 1206,Av. dels Banys
01 12,Lluminetes,01 12 1208,Parc Lluminetes
01 12,Lluminetes,01 12 1209,c/ 5
01 12,Lluminetes,01 12 1210,Rotonda c/ 7
01 12,Lluminetes,01 12 1211,"AAVV Lluminetes Pg. Garbí, 125"
01 12,Lluminetes,01 12 1213,c/ 509
01 12,Lluminetes,01 12 1214,Av. Castelldefels (c/ 9 a Av. Platja)
01 12,Lluminetes,01 12 1215,c/ 504
01 12,Lluminetes,01 12 1216,c/ 6
01 12,Lluminetes,01 12 1217,c/ 4
01 12,Lluminetes,01 12 1218,c/ 5
01 12,Lluminetes,01 12 1219,c/ 6 bis
01 12,Lluminetes,01 12 1221,"Parterre Av. Castelldefels, 153 c/ 6"
01 12,Lluminetes,01 12 1222,SAC Aparcaments
01 12,Lluminetes,01 12 1223,Pg. Marina (Av. Platja - c/9)
01 12,Lluminetes,01 12 1224,Pg. Garbí (Av.Platja - c/9)
01 12,Lluminetes,01 12 1225,"Pg. Marítim, 222"
01 12,Lluminetes,01 12 1226,Pg. Marítim (c/9 - 509)
01 12,Lluminetes,01 12 1227,Solars no codificats - Lluminetes
01 13,Gran Via Mar,01 13 1300,Gran Via Mar General
01 13,Gran Via Mar,01 13 1301,Jardins Av. Catalunya
01 13,Gran Via Mar,01 13 1303,Pg. Pitort (Av. Pineda - Av. Canal olimpic)
01 13,Gran Via Mar,01 13 1304,Av. Castelldefels (Av. Pineda - Av. Canal)
01 13,Gran Via Mar,01 13 1305,Pont Av. Canal Olímpic - Autovía
01 13,Gran Via Mar,01 13 1306,Escola Garigot
01 13,Gran Via Mar,01 13 1307,Llar d'Infants Gran Via
01 13,Gran Via Mar,01 13 1308,c/ Ginesta
01 13,Gran Via Mar,01 13 1309,Pg. Pitort Club Gran Via (vorera)
01 13,Gran Via Mar,01 13 1310,Parc Aragó (davant escola Garigot)
01 13,Gran Via Mar,01 13 1311,c/ Aragó
01 13,Gran Via Mar,01 13 1312,c/ Manresa
01 13,Gran Via Mar,01 13 1313,Pg. Espanya
01 13,Gran Via Mar,01 13 1314,c/ Terrassa
01 13,Gran Via Mar,01 13 1315,c/ Granollers
01 13,Gran Via Mar,01 13 1316,Camp Rugby
01 13,Gran Via Mar,01 13 1317,Solar C/Manresa
01 13,Gran Via Mar,01 13 1318,Camp Rugby exterior
01 13,Gran Via Mar,01 13 1319,c/ Lleida i Passatge
01 13,Gran Via Mar,01 13 1320,Solars no codificats - Gran Via Mar
01 14,La Pineda,01 14 1400,La Pineda General
01 14,La Pineda,01 14 1401,Pl. Rosa dels vents costat mar
01 14,La Pineda,01 14 1402,Pg. Marítim (c/ 23 - c/ 9)
01 14,La Pineda,01 14 1403,Parc del Mar
01 14,La Pineda,01 14 1404,c/ 11
01 14,La Pineda,01 14 1405,c/14 (rotonda i parterres)
01 14,La Pineda,01 14 1406,c/ 17 (rotonda i parterres)
01 14,La Pineda,01 14 1407,c/ 20 (rotonda i parterres)
01 14,La Pineda,01 14 1408,Pl. Palmeres i parterres
01 14,La Pineda,01 14 1409,Pont Canal (c/ 17)
01 14,La Pineda,01 14 1410,Parc del c/ 11
01 14,La Pineda,01 14 1411,Parc de les Dunes
01 14,La Pineda,01 14 1412,Parterres del c/ Garbí
01 14,La Pineda,01 14 1414,Rotonda c/11 - Marina
01 14,La Pineda,01 14 1415,Av. Castelldefels (c/9 - c/22)
01 14,La Pineda,01 14 1416,c/ 16
01 14,La Pineda,01 14 1417,Parc de la Mediterrània
01 14,La Pineda,01 14 1418,c/ 502
01 14,La Pineda,01 14 1420,"c/ 18, 15"
01 14,La Pineda,01 14 1421,Corre-can c/ 11
01 14,La Pineda,01 14 1422,Pg. Marina (c/ 9- c/ 23)
01 14,La Pineda,01 14 1423,Pg. Garbí (c/ 9- c/ 22)
01 14,La Pineda,01 14 1424,Pg. Tramuntana
01 14,La Pineda,01 14 1427,Rotonda c/ Alcanar - Pg. Maritim
01 14,La Pineda,01 14 1428,Parterre Pg. Marítim entre c/ 22 i c/ 23
01 14,La Pineda,01 14 1429,Sortida de pluvials (Pl palmeres)
01 16,Can Vinader,01 16 1600,Can Vinader General
01 16,Can Vinader,01 16 1601,Cementerio Interior
01 16,Can Vinader,01 16 1602,Parterre Cementeri exterior
01 16,Can Vinader,01 16 1603,Pl. del Drac
01 16,Can Vinader,01 16 1604,Av. Mª Aurèlia Campmany
01 16,Can Vinader,01 16 1606,Escola Margalló
01 16,Can Vinader,01 16 1607,Entrada Escola Margalló (Lola Anglada)
01 16,Can Vinader,01 16 1608,Jardins Poliesportiu Can Vinader
01 16,Can Vinader,01 16 1609,Pàrking Ctra. de la Sentiu
01 16,Can Vinader,01 16 1610,Rambla Blas Infante
01 16,Can Vinader,01 16 1611,Solar Lola Anglada (Bosc Margalló)
01 16,Can Vinader,01 16 1612,Corre-can Castell
01 16,Can Vinader,01 16 1613,c/ Santa Marta
01 16,Can Vinader,01 16 1614,Camp Fútbol Municipal Vista Alegre
01 16,Can Vinader,01 16 1615,c/ Pietat
01 16,Can Vinader,01 16 1616,c/ Cid
01 16,Can Vinader,01 16 1617,c/ Torras i Bages
01 16,Can Vinader,01 16 1618,Jardins Pietat
01 17,Canyars,01 17 1700,Canyars General
01 17,Canyars,01 17 1701,Pg. De Lormont
01 17,Canyars,01 17 1702,Bosc Canyars
01 17,Canyars,01 17 1703,Pl. de l'Amistat
01 17,Canyars,01 17 1704,Riera Canyars
01 17,Canyars,01 17 1705,c/ Mansió
01 17,Canyars,01 17 1706,Jardins de Lormont
01 17,Canyars,01 17 1708,c/ Montserrat Roig
01 17,Canyars,01 17 1709,c/ Agricultura
01 17,Canyars,01 17 1710,Parc del Xiprers
01 17,Canyars,01 17 1711,Pl. Federica Montseny (Pl. Agricultura)
01 17,Canyars,01 17 1714,Rotda de Ramón Otero Pedrayo
01 17,Canyars,01 17 1715,Av. Constitució (H. Vieja - Otero Pedrayo)
01 17,Canyars,01 17 1716,Rotonda Ronda Otero Pedrayo - c/ General Palafox
01 17,Canyars,01 17 1717,Rotonda Ronda Otero Pedrayo - c/ Església
01 17,Canyars,01 17 1718,Av. Habana Vieja
01 17,Canyars,01 17 1719,Escola Els pins
01 17,Canyars,01 17 1720,Rotonda Av. Habana Vieja - Av. Constitució
01 17,Canyars,01 17 1724,Pg. De Lormont i C/ Ramón i Cajal
01 17,Canyars,01 17 1726,Camp futbol Canyars
01 17,Canyars,01 17 1727,c/ General Palafox
01 17,Canyars,01 17 1728,Darrera Escola Els Pins
01 17,Canyars,01 17 1729,c/Antonio Machado (Otero Pedrayo - Habana Vieja)
01 17,Canyars,01 17 1730,Franjas - Canyars
01 17,Canyars,01 17 1731,C/ Iglesia
01 17,Canyars,01 17 1732,C/ Mayor
01 18,Can Bou,01 18 1800,Can Bou General
01 18,Can Bou,01 18 1801,Escola Edumar
01 18,Can Bou,01 18 1802,Pl. Astúries
01 18,Can Bou,01 18 1803,Jardins Marisol / Almería
01 18,Can Bou,01 18 1804,Pg. Pitort (c/ Arenys - Av. Pineda)
01 18,Can Bou,01 18 1805,Petanca Av. Pineda - c/ Molinot
01 18,Can Bou,01 18 1806,c/ Molinot
01 18,Can Bou,01 18 1807,Pl. Rosa dels Vents costat muntanya
01 18,Can Bou,01 18 1808,Parterre c/ Terol
01 18,Can Bou,01 18 1809,Parterres Ptge. Bou
01 18,Can Bou,01 18 1810,Av. De Castelldefels (Autovia)
01 18,Can Bou,01 18 1811,Parc Can Bou Viejo (Av. Castelldefels - c/ Pitort)
01 18,Can Bou,01 18 1812,Parc Can Bou Nou (c/ Pitort - c/ Canyes)
01 18,Can Bou,01 18 1813,Av. Ciutat de Màlaga
01 18,Can Bou,01 18 1814,Parterres Av. Pineda - Pg. Pitort
01 18,Can Bou,01 18 1815,Escola Lluis Vives
01 18,Can Bou,01 18 1816,"Solar Sardinaires-Trabucaires c/ Sevilla, 67"
01 18,Can Bou,01 18 1818,c/ Alacant
01 18,Can Bou,01 18 1819,c/ Arenys
01 18,Can Bou,01 18 1820,c/ Saragossa
01 18,Can Bou,01 18 1821,c/ Sevilla
01 18,Can Bou,01 18 1822,c/ Granada
01 18,Can Bou,01 18 1823,c/ Barcelona
01 18,Can Bou,01 18 1824,c/ Valencia
01 18,Can Bou,01 18 1825,Rocodromo Av Pineda
01 18,Can Bou,01 18 1826,Entrada Escola Edumar
01 18,Can Bou,01 18 1827,Entrada Escola Lluis Vives
01 18,Can Bou,01 18 1828,Pg. Ferrocarril (c/ Barcelona - c/ Molinot)
01 18,Can Bou,01 18 1829,Av. Pineda
01 18,Can Bou,01 18 1830,Pg. Pitort
01 18,Can Bou,01 18 1831,"Pàrking c/ Molinot, 3"
01 18,Can Bou,01 18 1832,"AAVV Barri Can Bou Pg. Pitort, 81"
01 18,Can Bou,01 18 1833,Solars no codificats - Can Bou
01 19,Zona Universitària,01 19 1900,Zona Universitaria General
01 19,Zona Universitària,01 19 1901,Pàrking Estació
01 19,Zona Universitària,01 19 1902,Parc Teresa Claramunt (Institutos)
01 19,Zona Universitària,01 19 1903,c/ J. Martorell
01 19,Zona Universitària,01 19 1904,Av. Del Canal Olímpic (Autopista - Autovia)
01 19,Zona Universitària,01 19 1905,Esplai
01 19,Zona Universitària,01 19 1906,Perimetre camp de futbol via ferrea
01 19,Zona Universitària,01 19 1907,Solars no codificats - Zona Universitària
01 20,Zona Muntanyeta,01 20 2000,Muntanyeta General
01 20,Zona Muntanyeta,01 20 2001,Can Baixeras
01 20,Zona Muntanyeta,01 20 2002,Av. 1er Maig
01 20,Zona Muntanyeta,01 20 2003,Parc de la Muntanyeta
01 20,Zona Muntanyeta,01 20 2004,Pl. de la Lluna
01 20,Zona Muntanyeta,01 20 2005,Av. Lluis Companys
01 20,Zona Muntanyeta,01 20 2006,Rbla. Josep Tarradellas
01 20,Zona Muntanyeta,01 20 2007,Pati Mercadona
01 20,Zona Muntanyeta,01 20 2008,Pl. 8 de Març
01 20,Zona Muntanyeta,01 20 2009,c/ de la Vinya
01 20,Zona Muntanyeta,01 20 2010,Ptge. Mercè Rodoreda
01 20,Zona Muntanyeta,01 20 2011,c/ Pintor Serrasanta
01 20,Zona Muntanyeta,01 20 2012,Agrupació Cultura Popular
01 20,Zona Muntanyeta,01 20 2014,Passatge Maduixes
01 20,Zona Muntanyeta,01 20 2015,Corre-can Muntanyeta
01 20,Zona Muntanyeta,01 20 2017,Solar Passatge La Molsa
01 20,Zona Muntanyeta,01 20 2018,c/ Dr. Trueta
01 15,Conxita Generales,01 15 1500,Manteniment Ajuntament
01 15,Conxita Generales,01 15 1504,Arbrat
01 15,Conxita Generales,01 15 1507,Sortida Avaria
01 15,Conxita Generales,01 15 1508,Col·legits Públics
01 15,Conxita Generales,01 15 1512,Campanya Nadal
01 15,Conxita Generales,01 15 1518,Personal en Practicas / Plan ocupació
01 15,Conxita Generales,01 15 1519,Riego con Cuba
01 15,Conxita Generales,01 15 1522,Control legionel·la reg
01 15,Conxita Generales,01 15 1523,Naturalització
01 30,Franjas / Solars General,01 30 3000,Franjas General
01 30,Franjas / Solars General,01 30 3100,Solars General
01 40,Pasajes,01 40 4000,
01 50,Desbroces,01 50 5000,Desbrossament General
